SET search_path TO fruteria_db;

-- Limpiar datos existentes
TRUNCATE TABLE detalle_compra, detalle_venta, compra, venta, producto_proveedor, supervisor, p_fisica, p_moral, cliente, proveedor, producto, empleado CASCADE;

-- 1. Empleados (6) - Nombres comunes en México
INSERT INTO empleado (id_e, nombre, turno, salario, username, rol, is_active) VALUES
(1, 'Administrador General', 'Matutino', 50000.00, 'admin', 'admin', true),
(2, 'Juan Carlos Hernández', 'Matutino', 12000.00, 'juanp', 'vendedor', true),
(3, 'María Fernanda López', 'Vespertino', 12500.00, 'marial', 'supervisor', true),
(4, 'Carlos Alberto Ruiz', 'Matutino', 11000.00, 'carlosr', 'vendedor', true),
(5, 'Edwin Noé', 'Matutino', 60000.00, 'edwin', 'admin', true),
(6, 'Pedro Almacén', 'Matutino', 11500.00, 'pedroa', 'almacenista', true);

-- 2. Proveedores (50+) - Empresas y ubicaciones reales/creíbles de México
INSERT INTO proveedor (id_p, nombre, ciudad, contacto, tel_contacto) VALUES
(1, 'Central de Abastos CDMX', 'Ciudad de México', 'Rogelio Guerra', '5556789012'),
(2, 'Frutas Selectas del Bajío', 'León, Gto', 'Guadalupe Esparza', '4771234567'),
(3, 'Agropecuaria Sonorense', 'Hermosillo, Son', 'Valentín Elizalde', '6629876543'),
(4, 'Distribuidora La Viga', 'Ciudad de México', 'Cuauhtémoc Blanco', '5512345678'),
(5, 'Verduras Frescas de Puebla', 'Puebla, Pue', 'Ignacio Zaragoza', '2224567890'),
(6, 'Huertas de Michoacán', 'Uruapan, Mich', 'Lázaro Cárdenas', '4521239876'),
(7, 'Frutícola San Quintín', 'Ensenada, BC', 'Benito Juárez', '6465678901'),
(8, 'Comercializadora del Golfo', 'Veracruz, Ver', 'Agustín Lara', '2291234567'),
(9, 'Productores de Chiapas', 'Tuxtla Gutiérrez, Chis', 'Rosario Castellanos', '9612345678'),
(10, 'Importadora de Frutas Exóticas', 'Cancún, QR', 'Andrés García', '9988765432'),
(11, 'Rancho El 17', 'Hermosillo, Son', 'Luis Donaldo', '6621112233'),
(12, 'Agrícola Tarasca', 'Morelia, Mich', 'José Ma. Morelos', '4433334455'),
(13, 'Fresas de Irapuato', 'Irapuato, Gto', 'Diego Rivera', '4625556677'),
(14, 'Plátanos de Tabasco', 'Villahermosa, Tab', 'Carlos Pellicer', '9937778899'),
(15, 'Cítricos de Martínez', 'Martínez de la Torre, Ver', 'Salma Hayek', '2329990011'),
(16, 'Manzanas de Cuauhtémoc', 'Cuauhtémoc, Chih', 'Pancho Villa', '6251112222'),
(17, 'Aguacates de Uruapan', 'Uruapan, Mich', 'Vicente Fernández', '4523334444'),
(18, 'Hortalizas de Sinaloa', 'Culiacán, Sin', 'Pedro Infante', '6675556666'),
(19, 'Tomates de San Luis', 'San Luis Potosí, SLP', 'Francisco I. Madero', '4447778888'),
(20, 'Uvas de Baja', 'Ensenada, BC', 'Lorena Ochoa', '6469990000'),
(21, 'Nopalera Milpa Alta', 'Ciudad de México', 'Emiliano Zapata', '5551112233'),
(22, 'Chiles de Yahualica', 'Yahualica, Jal', 'Guillermo del Toro', '3443334455'),
(23, 'Ajos de Zacatecas', 'Zacatecas, Zac', 'Ramón López Velarde', '4925556677'),
(24, 'Cebollas de Morelos', 'Cuautla, Mor', 'Emiliano Zapata', '7357778899'),
(25, 'Papas de Toluca', 'Toluca, EdoMex', 'Sor Juana Inés', '7229990011'),
(26, 'Sandías de Campeche', 'Campeche, Camp', 'Justo Sierra', '9811112222'),
(27, 'Melones de Coahuila', 'Torreón, Coah', 'Venustiano Carranza', '8713334444'),
(28, 'Piñas de Loma Bonita', 'Loma Bonita, Oax', 'Porfirio Díaz', '2815556666'),
(29, 'Mangos de Nayarit', 'Tepic, Nay', 'Amado Nervo', '3117778888'),
(30, 'Papayas de Colima', 'Tecomán, Col', 'Miguel de la Madrid', '3139990000'),
(31, 'Guayabas de Calvillo', 'Calvillo, Ags', 'José Guadalupe Posada', '4951112233'),
(32, 'Duraznos de Zacatecas', 'Jerez, Zac', 'Francisco Goitia', '4943334455'),
(33, 'Nueces de Chihuahua', 'Delicias, Chih', 'Lucha Villa', '6395556677'),
(34, 'Dátiles de San Luis', 'San Luis Río Colorado, Son', 'Alberto Vázquez', '6537778899'),
(35, 'Cacao de Tabasco', 'Comalcalco, Tab', 'Chico Che', '9339990011'),
(36, 'Vainilla de Papantla', 'Papantla, Ver', 'Teodoro González', '7841112222'),
(37, 'Café de Coatepec', 'Coatepec, Ver', 'Natalia Lafourcade', '2283334444'),
(38, 'Maguey de Tequila', 'Tequila, Jal', 'Vicente Fox', '3745556666'),
(39, 'Caña de Azúcar', 'Córdoba, Ver', 'Hugo Sánchez', '2717778888'),
(40, 'Flores de Xochimilco', 'Ciudad de México', 'Frida Kahlo', '5559990000'),
(41, 'Mercado de Abastos GDL', 'Guadalajara, Jal', 'Alejandro Fernández', '3331112233'),
(42, 'Mercado Estrella', 'Monterrey, NL', 'Celso Piña', '8183334455'),
(43, 'Central de Abastos Puebla', 'Puebla, Pue', 'Alex Lora', '2225556677'),
(44, 'Mercado Hidalgo', 'Tijuana, BC', 'Julieta Venegas', '6647778899'),
(45, 'Mercado San Juan', 'Ciudad de México', 'Cantinflas', '5559990011'),
(46, 'Mercado de la Cruz', 'Querétaro, Qro', 'Josefa Ortiz', '4421112222'),
(47, 'Mercado 20 de Noviembre', 'Oaxaca, Oax', 'Lila Downs', '9513334444'),
(48, 'Mercado Lucas de Gálvez', 'Mérida, Yuc', 'Armando Manzanero', '9995556666'),
(49, 'Mercado Garmendia', 'Culiacán, Sin', 'Julio César Chávez', '6677778888'),
(50, 'Mercado Pino Suárez', 'Mazatlán, Sin', 'Pedro Infante', '6699990000');

-- 3. Productos (50+) - Precios en MXN y descripciones comunes
INSERT INTO producto (codigo, descripcion, categoria, unidad_medida, existencia, precio_c, precio_v) VALUES
(1001, 'Manzana Red Delicious', 'Frutas', 'kg', 100, 25.00, 45.00),
(1002, 'Plátano Tabasco', 'Frutas', 'kg', 150, 12.00, 24.00),
(1003, 'Naranja Valencia Juguera', 'Frutas', 'kg', 200, 10.00, 19.90),
(1004, 'Limón Agrio con Semilla', 'Frutas', 'kg', 80, 18.00, 35.00),
(1005, 'Aguacate Hass Michoacán', 'Frutas', 'kg', 50, 45.00, 89.00),
(1006, 'Jitomate Saladet', 'Verduras', 'kg', 120, 15.00, 28.00),
(1007, 'Cebolla Blanca', 'Verduras', 'kg', 100, 18.00, 32.00),
(1008, 'Papa Alpha Blanca', 'Verduras', 'kg', 180, 20.00, 36.00),
(1009, 'Zanahoria Mediana', 'Verduras', 'kg', 90, 12.00, 22.00),
(1010, 'Lechuga Romana', 'Verduras', 'pza', 40, 12.00, 20.00),
(1011, 'Pepino Verde', 'Verduras', 'kg', 70, 14.00, 26.00),
(1012, 'Calabacita Italiana', 'Verduras', 'kg', 60, 18.00, 34.00),
(1013, 'Chayote Sin Espinas', 'Verduras', 'kg', 50, 16.00, 30.00),
(1014, 'Brócoli Florete', 'Verduras', 'kg', 40, 22.00, 42.00),
(1015, 'Coliflor Blanca', 'Verduras', 'pza', 30, 28.00, 48.00),
(1016, 'Espinaca Fresca', 'Verduras', 'manojo', 40, 8.00, 15.00),
(1017, 'Cilantro Fresco', 'Verduras', 'manojo', 60, 5.00, 10.00),
(1018, 'Perejil Liso', 'Verduras', 'manojo', 50, 5.00, 10.00),
(1019, 'Acelga', 'Verduras', 'manojo', 30, 8.00, 15.00),
(1020, 'Chile Serrano', 'Verduras', 'kg', 40, 30.00, 60.00),
(1021, 'Chile Jalapeño', 'Verduras', 'kg', 50, 25.00, 45.00),
(1022, 'Chile Poblano para Rellenar', 'Verduras', 'kg', 40, 35.00, 65.00),
(1023, 'Pimiento Morrón Verde', 'Verduras', 'kg', 30, 40.00, 75.00),
(1024, 'Pimiento Morrón Rojo', 'Verduras', 'kg', 30, 45.00, 85.00),
(1025, 'Uva Verde Sin Semilla', 'Frutas', 'kg', 40, 50.00, 95.00),
(1026, 'Uva Roja Globo', 'Frutas', 'kg', 40, 55.00, 110.00),
(1027, 'Fresa de Zamora', 'Frutas', 'kg', 30, 45.00, 80.00),
(1028, 'Mango Ataulfo', 'Frutas', 'kg', 60, 28.00, 55.00),
(1029, 'Piña Miel Gold', 'Frutas', 'pza', 40, 25.00, 45.00),
(1030, 'Sandía Sangría', 'Frutas', 'kg', 80, 9.00, 18.00),
(1031, 'Melón Chino', 'Frutas', 'kg', 60, 14.00, 28.00),
(1032, 'Papaya Maradol', 'Frutas', 'kg', 70, 18.00, 32.00),
(1033, 'Guayaba Rosa', 'Frutas', 'kg', 50, 20.00, 38.00),
(1034, 'Durazno Melocotón', 'Frutas', 'kg', 40, 40.00, 75.00),
(1035, 'Ciruela Roja', 'Frutas', 'kg', 30, 35.00, 65.00),
(1036, 'Pera D''Anjou', 'Frutas', 'kg', 40, 30.00, 58.00),
(1037, 'Manzana Golden Delicious', 'Frutas', 'kg', 80, 28.00, 48.00),
(1038, 'Kiwi Importado', 'Frutas', 'kg', 30, 60.00, 120.00),
(1039, 'Mandarina Fremont', 'Frutas', 'kg', 60, 18.00, 35.00),
(1040, 'Toronja Roja', 'Frutas', 'kg', 50, 16.00, 30.00),
(1041, 'Nopal Limpio', 'Verduras', 'kg', 60, 15.00, 25.00),
(1042, 'Ejote Tierno', 'Verduras', 'kg', 40, 22.00, 42.00),
(1043, 'Chícharo en Vaina', 'Verduras', 'kg', 30, 30.00, 55.00),
(1044, 'Haba Verde', 'Verduras', 'kg', 20, 35.00, 65.00),
(1045, 'Elote Blanco', 'Verduras', 'pza', 50, 6.00, 12.00),
(1046, 'Betabel', 'Verduras', 'kg', 40, 16.00, 30.00),
(1047, 'Rábano Cambray', 'Verduras', 'manojo', 30, 10.00, 18.00),
(1048, 'Ajo Morado', 'Verduras', 'kg', 20, 70.00, 130.00),
(1049, 'Jengibre Fresco', 'Verduras', 'kg', 15, 60.00, 110.00),
(1050, 'Camote Amarillo', 'Verduras', 'kg', 30, 20.00, 38.00);

-- 4. Clientes (50+) - Nombres y RFCs mexicanos
INSERT INTO cliente (id_c, telefono, rfc, domicilio) VALUES
(1, '5512345678', 'GOME800101HDF', 'Av. Reforma 123, CDMX'),
(2, '3336789012', 'PERE900202JAL', 'Calle Vallarta 456, GDL'),
(3, '8181234567', 'LOPE850303NL', 'Av. Constitución 789, MTY'),
(4, '2229876543', 'MART750404PUE', 'Calle 5 de Mayo 101, PUE'),
(5, '4776543210', 'RODR920505GTO', 'Blvd. López Mateos 202, LEO'),
(6, '6641112233', 'HERN880606BC', 'Av. Revolución 303, TIJ'),
(7, '9993334455', 'GARC950707YUC', 'Paseo Montejo 404, MER'),
(8, '6675556666', 'SANC820808SIN', 'Av. Obregón 505, CUL'),
(9, '2297778899', 'RAMI780909VER', 'Blvd. Ávila Camacho 606, VER'),
(10, '9619990011', 'FLOR991010CHS', 'Av. Central 707, TUX'),
(11, '4421112222', 'TORR861111QRO', 'Calle Corregidora 808, QRO'),
(12, '6143334444', 'DIAZ911212CHH', 'Av. Universidad 909, CUU'),
(13, '4445556666', 'MORAL830113SLP', 'Calle Carranza 1010, SLP'),
(14, '6627778888', 'CAST940214SON', 'Blvd. Kino 1111, HMO'),
(15, '9939990000', 'ORTE790315TAB', 'Av. Tabasco 2000, VSA'),
(16, '4491112233', 'RUIZ870416AGS', 'Calle Madero 1212, AGS'),
(17, '8713334455', 'SILV930517COA', 'Blvd. Independencia 1313, TRC'),
(18, '7225556677', 'MEND800618MEX', 'Av. Morelos 1414, TOL'),
(19, '3117778899', 'GUER960719NAY', 'Calle México 1515, TEP'),
(20, '7779990011', 'AGUI840820MOR', 'Av. Emiliano Zapata 1616, CUE'),
(21, '9811112222', 'DELG890921CAM', 'Calle 59 1717, CAM'),
(22, '6123334444', 'SALA901022BCS', 'Malecón 1818, LAP'),
(23, '3125556666', 'VALE811123COL', 'Calle Madero 1919, COL'),
(24, '6187778888', 'NUÑE971224DGO', 'Av. 20 de Noviembre 2020, DGO'),
(25, '7479990000', 'MEDI760125GRO', 'Calle Chilpancingo 2121, CHL'),
(26, '7711112233', 'VEGA880226HGO', 'Av. Revolución 2222, PAC'),
(27, '3333334455', 'CORT920327JAL', 'Calle Vallarta 2323, ZAP'),
(28, '5555556677', 'RIVE850428MEX', 'Av. Satélite 2424, NAU'),
(29, '4437778899', 'CAMP910529MIC', 'Av. Camelinas 2525, MOR'),
(30, '7359990011', 'SOLI830630MOR', 'Calle Reforma 2626, CUA'),
(31, '8181112222', 'VILL950731NL', 'Av. Garza Sada 2727, MTY'),
(32, '9513334444', 'ZAPA860801OAX', 'Calle Alcalá 2828, OAX'),
(33, '2225556666', 'BELT790902PUE', 'Av. Juárez 2929, PUE'),
(34, '4427778888', 'DOMI941003QRO', 'Blvd. Bernardo Quintana 3030, QRO'),
(35, '9989990000', 'REYE821104QR', 'Av. Tulum 3131, CUN'),
(36, '4441112233', 'CRUZ901205SLP', 'Calle 57 3232, SLP'),
(37, '6673334455', 'ALVA840106SIN', 'Blvd. Zapata 3333, CUL'),
(38, '6625556677', 'MUNO930207SON', 'Calle Rosales 3434, HMO'),
(39, '9937778899', 'JIMEN770308TAB', 'Av. Méndez 3535, VSA'),
(40, '8349990011', 'MORE890409TAM', 'Calle 17 3636, VIC'),
(41, '2461112222', 'LARA960510TLA', 'Av. Independencia 3737, TLA'),
(42, '2283334444', 'PENA810611VER', 'Calle Enríquez 3838, XAL'),
(43, '9995556666', 'LEON920712YUC', 'Calle 60 3939, MER'),
(44, '4927778888', 'SOTO850813ZAC', 'Av. Hidalgo 4040, ZAC'),
(45, '5559990000', 'IBAR910914DF', 'Calle Madero 4141, CDMX'),
(46, '3331112233', 'OCHO831015JAL', 'Av. Chapultepec 4242, GDL'),
(47, '8183334455', 'VASC951116NL', 'Calle Morelos 4343, MTY'),
(48, '2225556677', 'ESPI791217PUE', 'Blvd. Atlixco 4444, PUE'),
(49, '4777778899', 'NAVA940118GTO', 'Av. Campestre 4545, LEO'),
(50, '6649990011', 'ROJA820219BC', 'Calle 2da 4646, TIJ');

-- Clientes Fisicos (25)
INSERT INTO p_fisica (id_c, nombre) VALUES
(1, 'Juan Gómez'), (2, 'Pedro Pérez'), (3, 'María López'), (4, 'José Martínez'), (5, 'Ana Rodríguez'),
(6, 'Luis Hernández'), (7, 'Sofía García'), (8, 'Carlos Sánchez'), (9, 'Laura Ramírez'), (10, 'Jorge Flores'),
(11, 'Elena Torres'), (12, 'Miguel Díaz'), (13, 'Patricia Morales'), (14, 'Roberto Castillo'), (15, 'Gabriela Ortega'),
(16, 'Fernando Ruiz'), (17, 'Daniela Silva'), (18, 'Alejandro Méndez'), (19, 'Verónica Guerrero'), (20, 'Héctor Aguilar'),
(21, 'Lucía Delgado'), (22, 'Oscar Salazar'), (23, 'Adriana Valencia'), (24, 'Eduardo Núñez'), (25, 'Mónica Medina');

-- Clientes Morales (25)
INSERT INTO p_moral (id_c, razon_social) VALUES
(26, 'Abarrotes La Vega SA de CV'), (27, 'Restaurante El Tapatío SA de CV'), (28, 'Comedor Industrial Norte SA de CV'), (29, 'Hotel Colonial SA de CV'), (30, 'Supermercado Solís SA de CV'),
(31, 'Banquetes Villa SA de CV'), (32, 'Fonda Zapata SA de CV'), (33, 'Cafetería Beltrán SA de CV'), (34, 'Jugos Domínguez SA de CV'), (35, 'Mariscos Reyes SA de CV'),
(36, 'Taquería Cruz SA de CV'), (37, 'Cervecería Álvarez SA de CV'), (38, 'Panadería Muñoz SA de CV'), (39, 'Pastelería Jiménez SA de CV'), (40, 'Carnicería Moreno SA de CV'),
(41, 'Tortillería Lara SA de CV'), (42, 'Pizzería Peña SA de CV'), (43, 'Heladería León SA de CV'), (44, 'Dulcería Soto SA de CV'), (45, 'Cantina Ibarra SA de CV'),
(46, 'Bar Ochoa SA de CV'), (47, 'Club Vasconcelos SA de CV'), (48, 'Escuela Espinosa SC'), (49, 'Hospital Navarro SC'), (50, 'Gimnasio Rojas SA de CV');

-- 5. Ventas (50+) - Fechas recientes
INSERT INTO venta (folio_v, fecha, id_c, id_e) VALUES
(1, '2023-11-01', 1, 2), (2, '2023-11-01', 2, 4), (3, '2023-11-02', 3, 2), (4, '2023-11-02', 4, 4), (5, '2023-11-03', 5, 2),
(6, '2023-11-03', 6, 4), (7, '2023-11-04', 7, 2), (8, '2023-11-04', 8, 4), (9, '2023-11-05', 9, 2), (10, '2023-11-05', 10, 4),
(11, '2023-11-06', 11, 2), (12, '2023-11-06', 12, 4), (13, '2023-11-07', 13, 2), (14, '2023-11-07', 14, 4), (15, '2023-11-08', 15, 2),
(16, '2023-11-08', 16, 4), (17, '2023-11-09', 17, 2), (18, '2023-11-09', 18, 4), (19, '2023-11-10', 19, 2), (20, '2023-11-10', 20, 4),
(21, '2023-11-11', 21, 2), (22, '2023-11-11', 22, 4), (23, '2023-11-12', 23, 2), (24, '2023-11-12', 24, 4), (25, '2023-11-13', 25, 2),
(26, '2023-11-13', 26, 4), (27, '2023-11-14', 27, 2), (28, '2023-11-14', 28, 4), (29, '2023-11-15', 29, 2), (30, '2023-11-15', 30, 4),
(31, '2023-11-16', 31, 2), (32, '2023-11-16', 32, 4), (33, '2023-11-17', 33, 2), (34, '2023-11-17', 34, 4), (35, '2023-11-18', 35, 2),
(36, '2023-11-18', 36, 4), (37, '2023-11-19', 37, 2), (38, '2023-11-19', 38, 4), (39, '2023-11-20', 39, 2), (40, '2023-11-20', 40, 4),
(41, '2023-11-21', 41, 2), (42, '2023-11-21', 42, 4), (43, '2023-11-22', 43, 2), (44, '2023-11-22', 44, 4), (45, '2023-11-23', 45, 2),
(46, '2023-11-23', 46, 4), (47, '2023-11-24', 47, 2), (48, '2023-11-24', 48, 4), (49, '2023-11-25', 49, 2), (50, '2023-11-25', 50, 4);

-- 6. Detalle Venta (50+)
INSERT INTO detalle_venta (codigo, folio_v, observaciones, cantidad) VALUES
(1001, 1, 'Sin observaciones', 2), (1002, 1, 'Maduro', 3),
(1003, 2, 'Jugo', 5), (1004, 2, 'Verde', 1),
(1005, 3, 'Para hoy', 2), (1006, 3, 'Rojo', 3),
(1007, 4, 'Grande', 2), (1008, 4, 'Limpia', 4),
(1009, 5, 'Fresca', 3), (1010, 5, 'Desinfectada', 1),
(1011, 6, 'Sin semillas', 2), (1012, 6, 'Tierna', 3),
(1013, 7, 'Sin espinas', 2), (1014, 7, 'Verde', 1),
(1015, 8, 'Blanca', 1), (1016, 8, 'Fresco', 2),
(1017, 9, 'Oloroso', 1), (1018, 9, 'Fresco', 1),
(1019, 10, 'Verde', 2), (1020, 10, 'Picante', 1),
(1021, 11, 'Para rellenar', 2), (1022, 11, 'Grande', 3),
(1023, 12, 'Verde', 2), (1024, 12, 'Rojo', 2),
(1025, 13, 'Dulce', 1), (1026, 13, 'Sin semilla', 1),
(1027, 14, 'Grande', 2), (1028, 14, 'Amarillo', 3),
(1029, 15, 'Miel', 1), (1030, 15, 'Roja', 1),
(1031, 16, 'Chino', 2), (1032, 16, 'Dulce', 1),
(1033, 17, 'Rosa', 2), (1034, 17, 'Amarillo', 2),
(1035, 18, 'Roja', 1), (1036, 18, 'Verde', 2),
(1037, 19, 'Amarilla', 3), (1038, 19, 'Importado', 1),
(1039, 20, 'Dulce', 2), (1040, 20, 'Roja', 2),
(1041, 21, 'Limpio', 5), (1042, 21, 'Tierno', 1),
(1043, 22, 'Pelado', 1), (1044, 22, 'Verde', 1),
(1045, 23, 'Blanco', 3), (1046, 23, 'Grande', 2),
(1047, 24, 'Rojo', 2), (1048, 24, 'Chino', 1),
(1049, 25, 'Fresco', 1), (1050, 25, 'Morado', 2),
(1001, 26, 'Extra', 1), (1002, 27, 'Tabasco', 2),
(1003, 28, 'Jugo', 3), (1004, 29, 'Agrio', 1),
(1005, 30, 'Hass', 2), (1006, 31, 'Saladet', 3),
(1007, 32, 'Blanca', 2), (1008, 33, 'Alpha', 4),
(1009, 34, 'Grande', 1), (1010, 35, 'Romana', 1),
(1011, 36, 'Fresco', 2), (1012, 37, 'Italiana', 3),
(1013, 38, 'Sin espinas', 2), (1014, 39, 'Florete', 1),
(1015, 40, 'Grande', 1), (1016, 41, 'Manojo', 2),
(1017, 42, 'Fresco', 1), (1018, 43, 'Fresco', 1),
(1019, 44, 'Manojo', 2), (1020, 45, 'Serrano', 1),
(1021, 46, 'Jalapeño', 2), (1022, 47, 'Poblano', 3),
(1023, 48, 'Verde', 2), (1024, 49, 'Rojo', 2),
(1025, 50, 'Verde', 1);

-- 7. Compras (50+)
INSERT INTO compra (folio_c, no_lote, fecha, id_p, id_e) VALUES
(1, 1001, '2023-10-01', 1, 3), (2, 1002, '2023-10-01', 2, 3), (3, 1003, '2023-10-02', 3, 3), (4, 1004, '2023-10-02', 4, 3), (5, 1005, '2023-10-03', 5, 3),
(6, 1006, '2023-10-03', 6, 3), (7, 1007, '2023-10-04', 7, 3), (8, 1008, '2023-10-04', 8, 3), (9, 1009, '2023-10-05', 9, 3), (10, 1010, '2023-10-05', 10, 3),
(11, 1011, '2023-10-06', 11, 3), (12, 1012, '2023-10-06', 12, 3), (13, 1013, '2023-10-07', 13, 3), (14, 1014, '2023-10-07', 14, 3), (15, 1015, '2023-10-08', 15, 3),
(16, 1016, '2023-10-08', 16, 3), (17, 1017, '2023-10-09', 17, 3), (18, 1018, '2023-10-09', 18, 3), (19, 1019, '2023-10-10', 19, 3), (20, 1020, '2023-10-10', 20, 3),
(21, 1021, '2023-10-11', 21, 3), (22, 1022, '2023-10-11', 22, 3), (23, 1023, '2023-10-12', 23, 3), (24, 1024, '2023-10-12', 24, 3), (25, 1025, '2023-10-13', 25, 3),
(26, 1026, '2023-10-13', 26, 3), (27, 1027, '2023-10-14', 27, 3), (28, 1028, '2023-10-14', 28, 3), (29, 1029, '2023-10-15', 29, 3), (30, 1030, '2023-10-15', 30, 3),
(31, 1031, '2023-10-16', 31, 3), (32, 1032, '2023-10-16', 32, 3), (33, 1033, '2023-10-17', 33, 3), (34, 1034, '2023-10-17', 34, 3), (35, 1035, '2023-10-18', 35, 3),
(36, 1036, '2023-10-18', 36, 3), (37, 1037, '2023-10-19', 37, 3), (38, 1038, '2023-10-19', 38, 3), (39, 1039, '2023-10-20', 39, 3), (40, 1040, '2023-10-20', 40, 3),
(41, 1041, '2023-10-21', 41, 3), (42, 1042, '2023-10-21', 42, 3), (43, 1043, '2023-10-22', 43, 3), (44, 1044, '2023-10-22', 44, 3), (45, 1045, '2023-10-23', 45, 3),
(46, 1046, '2023-10-23', 46, 3), (47, 1047, '2023-10-24', 47, 3), (48, 1048, '2023-10-24', 48, 3), (49, 1049, '2023-10-25', 49, 3), (50, 1050, '2023-10-25', 50, 3);

-- 8. Detalle Compra (50+)
INSERT INTO detalle_compra (folio_c, codigo, cantidad) VALUES
(1, 1001, 100), (2, 1002, 150), (3, 1003, 200), (4, 1004, 80), (5, 1005, 50),
(6, 1006, 120), (7, 1007, 100), (8, 1008, 180), (9, 1009, 90), (10, 1010, 40),
(11, 1011, 70), (12, 1012, 60), (13, 1013, 50), (14, 1014, 40), (15, 1015, 30),
(16, 1016, 40), (17, 1017, 60), (18, 1018, 50), (19, 1019, 30), (20, 1020, 40),
(21, 1021, 50), (22, 1022, 40), (23, 1023, 30), (24, 1024, 30), (25, 1025, 40),
(26, 1026, 40), (27, 1027, 30), (28, 1028, 60), (29, 1029, 40), (30, 1030, 80),
(31, 1031, 60), (32, 1032, 70), (33, 1033, 50), (34, 1034, 40), (35, 1035, 30),
(36, 1036, 40), (37, 1037, 80), (38, 1038, 30), (39, 1039, 60), (40, 1040, 50),
(41, 1041, 60), (42, 1042, 40), (43, 1043, 30), (44, 1044, 20), (45, 1045, 50),
(46, 1046, 40), (47, 1047, 30), (48, 1048, 20), (49, 1049, 15), (50, 1050, 30);
