SET search_path TO fruteria;

-- Limpiar datos existentes (opcional, para evitar duplicados si se corre varias veces)
TRUNCATE TABLE detalle_compra, detalle_venta, compra, venta, producto_proveedor, supervisor, p_fisica, p_moral, cliente, proveedor, producto, empleado CASCADE;

-- 1. Empleados (4)
INSERT INTO empleado (id_e, nombre, turno, salario, username, is_active, is_staff, is_superuser) VALUES
(1, 'Admin User', 'Matutino', 50000.00, 'admin', true, true, true),
(2, 'Juan Perez', 'Matutino', 12000.00, 'juanp', true, false, false),
(3, 'Maria Lopez', 'Vespertino', 12500.00, 'marial', true, false, false),
(4, 'Carlos Ruiz', 'Matutino', 11000.00, 'carlosr', true, false, false);

-- 2. Proveedores (50+)
INSERT INTO proveedor (id_p, nombre, ciudad, contacto, tel_contacto) VALUES
(1, 'Frutas del Valle', 'Mexico City', 'Juan Perez', '5512345678'),
(2, 'Verduras Frescas', 'Guadalajara', 'Maria Lopez', '3312345678'),
(3, 'Agropecuaria El Sol', 'Monterrey', 'Carlos Ruiz', '8112345678'),
(4, 'Distribuidora Norte', 'Tijuana', 'Ana Garcia', '6641234567'),
(5, 'Campo Verde', 'Puebla', 'Pedro Sanchez', '2221234567'),
(6, 'Huerta La Esperanza', 'Leon', 'Lucia Diaz', '4771234567'),
(7, 'Fruticola San Jose', 'Merida', 'Miguel Angel', '9991234567'),
(8, 'Vegetales Selectos', 'Cancun', 'Sofia Torres', '9981234567'),
(9, 'Agroindustrias MX', 'Toluca', 'Jorge Luis', '7221234567'),
(10, 'Importadora Frutal', 'Queretaro', 'Elena Gomez', '4421234567'),
(11, 'Proveedor 11', 'Morelia', 'Contacto 11', '4431234567'),
(12, 'Proveedor 12', 'Aguascalientes', 'Contacto 12', '4491234567'),
(13, 'Proveedor 13', 'San Luis Potosi', 'Contacto 13', '4441234567'),
(14, 'Proveedor 14', 'Hermosillo', 'Contacto 14', '6621234567'),
(15, 'Proveedor 15', 'Saltillo', 'Contacto 15', '8441234567'),
(16, 'Proveedor 16', 'Mexicali', 'Contacto 16', '6861234567'),
(17, 'Proveedor 17', 'Culiacan', 'Contacto 17', '6671234567'),
(18, 'Proveedor 18', 'Chihuahua', 'Contacto 18', '6141234567'),
(19, 'Proveedor 19', 'Veracruz', 'Contacto 19', '2291234567'),
(20, 'Proveedor 20', 'Villahermosa', 'Contacto 20', '9931234567'),
(21, 'Proveedor 21', 'Oaxaca', 'Contacto 21', '9511234567'),
(22, 'Proveedor 22', 'Tuxtla Gutierrez', 'Contacto 22', '9611234567'),
(23, 'Proveedor 23', 'Durango', 'Contacto 23', '6181234567'),
(24, 'Proveedor 24', 'Xalapa', 'Contacto 24', '2281234567'),
(25, 'Proveedor 25', 'Tepic', 'Contacto 25', '3111234567'),
(26, 'Proveedor 26', 'Cuernavaca', 'Contacto 26', '7771234567'),
(27, 'Proveedor 27', 'Mazatlan', 'Contacto 27', '6691234567'),
(28, 'Proveedor 28', 'Tampico', 'Contacto 28', '8331234567'),
(29, 'Proveedor 29', 'Irapuato', 'Contacto 29', '4621234567'),
(30, 'Proveedor 30', 'Celaya', 'Contacto 30', '4611234567'),
(31, 'Proveedor 31', 'Matamoros', 'Contacto 31', '8681234567'),
(32, 'Proveedor 32', 'Reynosa', 'Contacto 32', '8991234567'),
(33, 'Proveedor 33', 'Nuevo Laredo', 'Contacto 33', '8671234567'),
(34, 'Proveedor 34', 'Ciudad Juarez', 'Contacto 34', '6561234567'),
(35, 'Proveedor 35', 'Torreon', 'Contacto 35', '8711234567'),
(36, 'Proveedor 36', 'Gomez Palacio', 'Contacto 36', '8711234567'),
(37, 'Proveedor 37', 'Zacatecas', 'Contacto 37', '4921234567'),
(38, 'Proveedor 38', 'Colima', 'Contacto 38', '3121234567'),
(39, 'Proveedor 39', 'Campeche', 'Contacto 39', '9811234567'),
(40, 'Proveedor 40', 'La Paz', 'Contacto 40', '6121234567'),
(41, 'Proveedor 41', 'Los Cabos', 'Contacto 41', '6241234567'),
(42, 'Proveedor 42', 'Puerto Vallarta', 'Contacto 42', '3221234567'),
(43, 'Proveedor 43', 'Acapulco', 'Contacto 43', '7441234567'),
(44, 'Proveedor 44', 'Chilpancingo', 'Contacto 44', '7471234567'),
(45, 'Proveedor 45', 'Pachuca', 'Contacto 45', '7711234567'),
(46, 'Proveedor 46', 'Tlaxcala', 'Contacto 46', '2461234567'),
(47, 'Proveedor 47', 'Chetumal', 'Contacto 47', '9831234567'),
(48, 'Proveedor 48', 'Tapachula', 'Contacto 48', '9621234567'),
(49, 'Proveedor 49', 'Poza Rica', 'Contacto 49', '7821234567'),
(50, 'Proveedor 50', 'Coatzacoalcos', 'Contacto 50', '9211234567');

-- 3. Productos (50+)
INSERT INTO producto (codigo, descripcion, categoria, unidad_medida, existencia, precio_c, precio_v) VALUES
(1001, 'Manzana Roja', 'Frutas', 'kg', 100, 20.00, 35.00),
(1002, 'Platano Tabasco', 'Frutas', 'kg', 150, 12.00, 22.00),
(1003, 'Naranja Valencia', 'Frutas', 'kg', 200, 10.00, 18.00),
(1004, 'Limon Agrio', 'Frutas', 'kg', 80, 15.00, 28.00),
(1005, 'Aguacate Hass', 'Frutas', 'kg', 50, 40.00, 75.00),
(1006, 'Jitomate Saladet', 'Verduras', 'kg', 120, 18.00, 32.00),
(1007, 'Cebolla Blanca', 'Verduras', 'kg', 100, 14.00, 26.00),
(1008, 'Papa Alpha', 'Verduras', 'kg', 180, 16.00, 28.00),
(1009, 'Zanahoria', 'Verduras', 'kg', 90, 11.00, 20.00),
(1010, 'Lechuga Romana', 'Verduras', 'pza', 40, 10.00, 18.00),
(1011, 'Pepino', 'Verduras', 'kg', 70, 13.00, 24.00),
(1012, 'Calabacita Italiana', 'Verduras', 'kg', 60, 17.00, 30.00),
(1013, 'Chayote', 'Verduras', 'kg', 50, 15.00, 28.00),
(1014, 'Brocoli', 'Verduras', 'kg', 40, 20.00, 38.00),
(1015, 'Coliflor', 'Verduras', 'pza', 30, 25.00, 45.00),
(1016, 'Espinaca', 'Verduras', 'manojo', 40, 8.00, 15.00),
(1017, 'Cilantro', 'Verduras', 'manojo', 60, 5.00, 10.00),
(1018, 'Perejil', 'Verduras', 'manojo', 50, 5.00, 10.00),
(1019, 'Acelga', 'Verduras', 'manojo', 30, 8.00, 15.00),
(1020, 'Chile Serrano', 'Verduras', 'kg', 40, 25.00, 45.00),
(1021, 'Chile Jalapeño', 'Verduras', 'kg', 50, 22.00, 40.00),
(1022, 'Chile Poblano', 'Verduras', 'kg', 40, 30.00, 55.00),
(1023, 'Pimiento Verde', 'Verduras', 'kg', 30, 35.00, 65.00),
(1024, 'Pimiento Rojo', 'Verduras', 'kg', 30, 40.00, 75.00),
(1025, 'Uva Verde', 'Frutas', 'kg', 40, 45.00, 85.00),
(1026, 'Uva Roja', 'Frutas', 'kg', 40, 50.00, 95.00),
(1027, 'Fresa', 'Frutas', 'kg', 30, 40.00, 75.00),
(1028, 'Mango Ataulfo', 'Frutas', 'kg', 60, 25.00, 45.00),
(1029, 'Piña Miel', 'Frutas', 'pza', 40, 20.00, 38.00),
(1030, 'Sandia', 'Frutas', 'kg', 80, 8.00, 15.00),
(1031, 'Melon Chino', 'Frutas', 'kg', 60, 12.00, 22.00),
(1032, 'Papaya Maradol', 'Frutas', 'kg', 70, 15.00, 28.00),
(1033, 'Guayaba', 'Frutas', 'kg', 50, 18.00, 32.00),
(1034, 'Durazno', 'Frutas', 'kg', 40, 35.00, 65.00),
(1035, 'Ciruela', 'Frutas', 'kg', 30, 30.00, 55.00),
(1036, 'Pera', 'Frutas', 'kg', 40, 28.00, 52.00),
(1037, 'Manzana Golden', 'Frutas', 'kg', 80, 22.00, 40.00),
(1038, 'Kiwi', 'Frutas', 'kg', 30, 50.00, 95.00),
(1039, 'Mandarina', 'Frutas', 'kg', 60, 15.00, 28.00),
(1040, 'Toronja', 'Frutas', 'kg', 50, 14.00, 26.00),
(1041, 'Nopal', 'Verduras', 'kg', 60, 12.00, 22.00),
(1042, 'Ejote', 'Verduras', 'kg', 40, 20.00, 38.00),
(1043, 'Chicharo', 'Verduras', 'kg', 30, 25.00, 45.00),
(1044, 'Haba', 'Verduras', 'kg', 20, 30.00, 55.00),
(1045, 'Elote', 'Verduras', 'pza', 50, 5.00, 10.00),
(1046, 'Betabel', 'Verduras', 'kg', 40, 15.00, 28.00),
(1047, 'Rabano', 'Verduras', 'manojo', 30, 8.00, 15.00),
(1048, 'Ajo', 'Verduras', 'kg', 20, 60.00, 110.00),
(1049, 'Jengibre', 'Verduras', 'kg', 15, 50.00, 95.00),
(1050, 'Camote', 'Verduras', 'kg', 30, 18.00, 32.00);

-- 4. Clientes (50+)
INSERT INTO cliente (id_c, telefono, rfc, domicilio) VALUES
(1, '5511223344', 'XAXX010101000', 'Calle 1, Col. Centro'),
(2, '5522334455', 'XBXX020202000', 'Calle 2, Col. Norte'),
(3, '5533445566', 'XCXX030303000', 'Calle 3, Col. Sur'),
(4, '5544556677', 'XDXX040404000', 'Calle 4, Col. Este'),
(5, '5555667788', 'XEXX050505000', 'Calle 5, Col. Oeste'),
(6, '5566778899', 'XFXX060606000', 'Calle 6, Col. Centro'),
(7, '5577889900', 'XGXX070707000', 'Calle 7, Col. Norte'),
(8, '5588990011', 'XHXX080808000', 'Calle 8, Col. Sur'),
(9, '5599001122', 'XIXX090909000', 'Calle 9, Col. Este'),
(10, '5500112233', 'XJXX101010000', 'Calle 10, Col. Oeste'),
(11, '5511112222', 'XKXX111111000', 'Calle 11, Col. Centro'),
(12, '5522223333', 'XLXX121212000', 'Calle 12, Col. Norte'),
(13, '5533334444', 'XMXX131313000', 'Calle 13, Col. Sur'),
(14, '5544445555', 'XNXX141414000', 'Calle 14, Col. Este'),
(15, '5555556666', 'XOXX151515000', 'Calle 15, Col. Oeste'),
(16, '5566667777', 'XPXX161616000', 'Calle 16, Col. Centro'),
(17, '5577778888', 'XQXX171717000', 'Calle 17, Col. Norte'),
(18, '5588889999', 'XRXX181818000', 'Calle 18, Col. Sur'),
(19, '5599990000', 'XSXX191919000', 'Calle 19, Col. Este'),
(20, '5500001111', 'XTXX202020000', 'Calle 20, Col. Oeste'),
(21, '5512121212', 'XUXX212121000', 'Calle 21, Col. Centro'),
(22, '5523232323', 'XVXX222222000', 'Calle 22, Col. Norte'),
(23, '5534343434', 'XWXX232323000', 'Calle 23, Col. Sur'),
(24, '5545454545', 'XXXX242424000', 'Calle 24, Col. Este'),
(25, '5556565656', 'XYXX252525000', 'Calle 25, Col. Oeste'),
(26, '5567676767', 'XZXX262626000', 'Calle 26, Col. Centro'),
(27, '5578787878', 'XAXX272727000', 'Calle 27, Col. Norte'),
(28, '5589898989', 'XBXX282828000', 'Calle 28, Col. Sur'),
(29, '5590909090', 'XCXX292929000', 'Calle 29, Col. Este'),
(30, '5501010101', 'XDXX303030000', 'Calle 30, Col. Oeste'),
(31, '5513131313', 'XEXX313131000', 'Calle 31, Col. Centro'),
(32, '5524242424', 'XFXX323232000', 'Calle 32, Col. Norte'),
(33, '5535353535', 'XGXX333333000', 'Calle 33, Col. Sur'),
(34, '5546464646', 'XHXX343434000', 'Calle 34, Col. Este'),
(35, '5557575757', 'XIXX353535000', 'Calle 35, Col. Oeste'),
(36, '5568686868', 'XJXX363636000', 'Calle 36, Col. Centro'),
(37, '5579797979', 'XKXX373737000', 'Calle 37, Col. Norte'),
(38, '5580808080', 'XLXX383838000', 'Calle 38, Col. Sur'),
(39, '5591919191', 'XMXX393939000', 'Calle 39, Col. Este'),
(40, '5502020202', 'XNXX404040000', 'Calle 40, Col. Oeste'),
(41, '5514141414', 'XOXX414141000', 'Calle 41, Col. Centro'),
(42, '5525252525', 'XPXX424242000', 'Calle 42, Col. Norte'),
(43, '5536363636', 'XQXX434343000', 'Calle 43, Col. Sur'),
(44, '5547474747', 'XRXX444444000', 'Calle 44, Col. Este'),
(45, '5558585858', 'XSXX454545000', 'Calle 45, Col. Oeste'),
(46, '5569696969', 'XTXX464646000', 'Calle 46, Col. Centro'),
(47, '5570707070', 'XUXX474747000', 'Calle 47, Col. Norte'),
(48, '5581818181', 'XVXX484848000', 'Calle 48, Col. Sur'),
(49, '5592929292', 'XWXX494949000', 'Calle 49, Col. Este'),
(50, '5503030303', 'XXXX505050000', 'Calle 50, Col. Oeste');

-- Clientes Fisicos (25)
INSERT INTO p_fisica (id_c, nombre) VALUES
(1, 'Cliente Fisico 1'), (2, 'Cliente Fisico 2'), (3, 'Cliente Fisico 3'), (4, 'Cliente Fisico 4'), (5, 'Cliente Fisico 5'),
(6, 'Cliente Fisico 6'), (7, 'Cliente Fisico 7'), (8, 'Cliente Fisico 8'), (9, 'Cliente Fisico 9'), (10, 'Cliente Fisico 10'),
(11, 'Cliente Fisico 11'), (12, 'Cliente Fisico 12'), (13, 'Cliente Fisico 13'), (14, 'Cliente Fisico 14'), (15, 'Cliente Fisico 15'),
(16, 'Cliente Fisico 16'), (17, 'Cliente Fisico 17'), (18, 'Cliente Fisico 18'), (19, 'Cliente Fisico 19'), (20, 'Cliente Fisico 20'),
(21, 'Cliente Fisico 21'), (22, 'Cliente Fisico 22'), (23, 'Cliente Fisico 23'), (24, 'Cliente Fisico 24'), (25, 'Cliente Fisico 25');

-- Clientes Morales (25)
INSERT INTO p_moral (id_c, razon_social) VALUES
(26, 'Empresa 1 SA de CV'), (27, 'Empresa 2 SA de CV'), (28, 'Empresa 3 SA de CV'), (29, 'Empresa 4 SA de CV'), (30, 'Empresa 5 SA de CV'),
(31, 'Empresa 6 SA de CV'), (32, 'Empresa 7 SA de CV'), (33, 'Empresa 8 SA de CV'), (34, 'Empresa 9 SA de CV'), (35, 'Empresa 10 SA de CV'),
(36, 'Empresa 11 SA de CV'), (37, 'Empresa 12 SA de CV'), (38, 'Empresa 13 SA de CV'), (39, 'Empresa 14 SA de CV'), (40, 'Empresa 15 SA de CV'),
(41, 'Empresa 16 SA de CV'), (42, 'Empresa 17 SA de CV'), (43, 'Empresa 18 SA de CV'), (44, 'Empresa 19 SA de CV'), (45, 'Empresa 20 SA de CV'),
(46, 'Empresa 21 SA de CV'), (47, 'Empresa 22 SA de CV'), (48, 'Empresa 23 SA de CV'), (49, 'Empresa 24 SA de CV'), (50, 'Empresa 25 SA de CV');

-- 5. Ventas (50+)
INSERT INTO venta (folio_v, fecha, id_c, id_e) VALUES
(1, '2023-11-01', 1, 2), (2, '2023-11-01', 2, 3), (3, '2023-11-02', 3, 4), (4, '2023-11-02', 4, 5), (5, '2023-11-03', 5, 6),
(6, '2023-11-03', 6, 7), (7, '2023-11-04', 7, 8), (8, '2023-11-04', 8, 9), (9, '2023-11-05', 9, 10), (10, '2023-11-05', 10, 11),
(11, '2023-11-06', 11, 12), (12, '2023-11-06', 12, 13), (13, '2023-11-07', 13, 14), (14, '2023-11-07', 14, 15), (15, '2023-11-08', 15, 16),
(16, '2023-11-08', 16, 17), (17, '2023-11-09', 17, 18), (18, '2023-11-09', 18, 19), (19, '2023-11-10', 19, 20), (20, '2023-11-10', 20, 21),
(21, '2023-11-11', 21, 22), (22, '2023-11-11', 22, 23), (23, '2023-11-12', 23, 24), (24, '2023-11-12', 24, 25), (25, '2023-11-13', 25, 26),
(26, '2023-11-13', 26, 27), (27, '2023-11-14', 27, 28), (28, '2023-11-14', 28, 29), (29, '2023-11-15', 29, 30), (30, '2023-11-15', 30, 31),
(31, '2023-11-16', 31, 32), (32, '2023-11-16', 32, 33), (33, '2023-11-17', 33, 34), (34, '2023-11-17', 34, 35), (35, '2023-11-18', 35, 36),
(36, '2023-11-18', 36, 37), (37, '2023-11-19', 37, 38), (38, '2023-11-19', 38, 39), (39, '2023-11-20', 39, 40), (40, '2023-11-20', 40, 41),
(41, '2023-11-21', 41, 42), (42, '2023-11-21', 42, 43), (43, '2023-11-22', 43, 44), (44, '2023-11-22', 44, 45), (45, '2023-11-23', 45, 46),
(46, '2023-11-23', 46, 47), (47, '2023-11-24', 47, 48), (48, '2023-11-24', 48, 49), (49, '2023-11-25', 49, 50), (50, '2023-11-25', 50, 2);

-- 6. Detalle Venta (50+)
INSERT INTO detalle_venta (codigo, folio_v, observaciones, cantidad) VALUES
(1001, 1, 'Sin observaciones', 2), (1002, 1, 'Maduro', 3),
(1003, 2, 'Jugo', 5), (1004, 2, 'Verde', 1),
(1005, 3, 'Para hoy', 2), (1006, 3, 'Rojo', 3),
(1007, 4, 'Grande', 2), (1008, 4, 'Limpia', 4),
(1009, 5, 'Fresca', 3), (1010, 5, 'Desinfectada', 1),
(1011, 6, 'Sin semillas', 2), (1012, 6, 'Tierna', 3),
(1013, 7, 'Sin espinas', 2), (1014, 7, 'Verde', 1),
(1015, 8, 'Blanca', 1), (1016, 8, 'Fresco', 2),
(1017, 9, 'Oloroso', 1), (1018, 9, 'Fresco', 1),
(1019, 10, 'Verde', 2), (1020, 10, 'Picante', 1),
(1021, 11, 'Para rellenar', 2), (1022, 11, 'Grande', 3),
(1023, 12, 'Verde', 2), (1024, 12, 'Rojo', 2),
(1025, 13, 'Dulce', 1), (1026, 13, 'Sin semilla', 1),
(1027, 14, 'Grande', 2), (1028, 14, 'Amarillo', 3),
(1029, 15, 'Miel', 1), (1030, 15, 'Roja', 1),
(1031, 16, 'Chino', 2), (1032, 16, 'Dulce', 1),
(1033, 17, 'Rosa', 2), (1034, 17, 'Amarillo', 2),
(1035, 18, 'Roja', 1), (1036, 18, 'Verde', 2),
(1037, 19, 'Amarilla', 3), (1038, 19, 'Importado', 1),
(1039, 20, 'Dulce', 2), (1040, 20, 'Roja', 2),
(1041, 21, 'Limpio', 5), (1042, 21, 'Tierno', 1),
(1043, 22, 'Pelado', 1), (1044, 22, 'Verde', 1),
(1045, 23, 'Blanco', 3), (1046, 23, 'Grande', 2),
(1047, 24, 'Rojo', 2), (1048, 24, 'Chino', 1),
(1049, 25, 'Fresco', 1), (1050, 25, 'Morado', 2),
(1001, 26, 'Extra', 1), (1002, 27, 'Tabasco', 2),
(1003, 28, 'Jugo', 3), (1004, 29, 'Agrio', 1),
(1005, 30, 'Hass', 2), (1006, 31, 'Saladet', 3),
(1007, 32, 'Blanca', 2), (1008, 33, 'Alpha', 4),
(1009, 34, 'Grande', 1), (1010, 35, 'Romana', 1),
(1011, 36, 'Fresco', 2), (1012, 37, 'Italiana', 3),
(1013, 38, 'Sin espinas', 2), (1014, 39, 'Florete', 1),
(1015, 40, 'Grande', 1), (1016, 41, 'Manojo', 2),
(1017, 42, 'Fresco', 1), (1018, 43, 'Fresco', 1),
(1019, 44, 'Manojo', 2), (1020, 45, 'Serrano', 1),
(1021, 46, 'Jalapeño', 2), (1022, 47, 'Poblano', 3),
(1023, 48, 'Verde', 2), (1024, 49, 'Rojo', 2),
(1025, 50, 'Verde', 1);

-- 7. Compras (50+)
INSERT INTO compra (folio_c, no_lote, fecha, id_p, id_e) VALUES
(1, 1001, '2023-10-01', 1, 2), (2, 1002, '2023-10-01', 2, 3), (3, 1003, '2023-10-02', 3, 4), (4, 1004, '2023-10-02', 4, 5), (5, 1005, '2023-10-03', 5, 6),
(6, 1006, '2023-10-03', 6, 7), (7, 1007, '2023-10-04', 7, 8), (8, 1008, '2023-10-04', 8, 9), (9, 1009, '2023-10-05', 9, 10), (10, 1010, '2023-10-05', 10, 11),
(11, 1011, '2023-10-06', 11, 12), (12, 1012, '2023-10-06', 12, 13), (13, 1013, '2023-10-07', 13, 14), (14, 1014, '2023-10-07', 14, 15), (15, 1015, '2023-10-08', 15, 16),
(16, 1016, '2023-10-08', 16, 17), (17, 1017, '2023-10-09', 17, 18), (18, 1018, '2023-10-09', 18, 19), (19, 1019, '2023-10-10', 19, 20), (20, 1020, '2023-10-10', 20, 21),
(21, 1021, '2023-10-11', 21, 22), (22, 1022, '2023-10-11', 22, 23), (23, 1023, '2023-10-12', 23, 24), (24, 1024, '2023-10-12', 24, 25), (25, 1025, '2023-10-13', 25, 26),
(26, 1026, '2023-10-13', 26, 27), (27, 1027, '2023-10-14', 27, 28), (28, 1028, '2023-10-14', 28, 29), (29, 1029, '2023-10-15', 29, 30), (30, 1030, '2023-10-15', 30, 31),
(31, 1031, '2023-10-16', 31, 32), (32, 1032, '2023-10-16', 32, 33), (33, 1033, '2023-10-17', 33, 34), (34, 1034, '2023-10-17', 34, 35), (35, 1035, '2023-10-18', 35, 36),
(36, 1036, '2023-10-18', 36, 37), (37, 1037, '2023-10-19', 37, 38), (38, 1038, '2023-10-19', 38, 39), (39, 1039, '2023-10-20', 39, 40), (40, 1040, '2023-10-20', 40, 41),
(41, 1041, '2023-10-21', 41, 42), (42, 1042, '2023-10-21', 42, 43), (43, 1043, '2023-10-22', 43, 44), (44, 1044, '2023-10-22', 44, 45), (45, 1045, '2023-10-23', 45, 46),
(46, 1046, '2023-10-23', 46, 47), (47, 1047, '2023-10-24', 47, 48), (48, 1048, '2023-10-24', 48, 49), (49, 1049, '2023-10-25', 49, 50), (50, 1050, '2023-10-25', 50, 2);

-- 8. Detalle Compra (50+)
INSERT INTO detalle_compra (folio_c, codigo, cantidad) VALUES
(1, 1001, 100), (2, 1002, 150), (3, 1003, 200), (4, 1004, 80), (5, 1005, 50),
(6, 1006, 120), (7, 1007, 100), (8, 1008, 180), (9, 1009, 90), (10, 1010, 40),
(11, 1011, 70), (12, 1012, 60), (13, 1013, 50), (14, 1014, 40), (15, 1015, 30),
(16, 1016, 40), (17, 1017, 60), (18, 1018, 50), (19, 1019, 30), (20, 1020, 40),
(21, 1021, 50), (22, 1022, 40), (23, 1023, 30), (24, 1024, 30), (25, 1025, 40),
(26, 1026, 40), (27, 1027, 30), (28, 1028, 60), (29, 1029, 40), (30, 1030, 80),
(31, 1031, 60), (32, 1032, 70), (33, 1033, 50), (34, 1034, 40), (35, 1035, 30),
(36, 1036, 40), (37, 1037, 80), (38, 1038, 30), (39, 1039, 60), (40, 1040, 50),
(41, 1041, 60), (42, 1042, 40), (43, 1043, 30), (44, 1044, 20), (45, 1045, 50),
(46, 1046, 40), (47, 1047, 30), (48, 1048, 20), (49, 1049, 15), (50, 1050, 30);
